year,1999,2000,2001,2002,2003,2004,2005,2006,2007,2008,2009,2010,2011,2012,2013
24-Parganas(N),1556252,1565724,1565724,1575196,1584668,1594140,1603612,1613084,1622556,1632028,1641500,1650972,1660444,1669916,1679388
24-Parganas(S),1083200,1164244,1164244,1245288,1326332,1407376,1488420,1569464,1650508,1731552,1812596,1893640,1974684,2055728,2136772
Adilabad,346328,374269,420940,409929,478185,454280,529286,597431,665576,679695,655734,725918,773474,788584,805135
Agra,454501,437274,459793,505860,542166,591591,630936,733828,836721,927423,985205,1045621,1134794,1207972,1285244
Ahmedabad,781700,1399650,2017600,2635550,3253500,3871450,4489400,5107350,5725300,6343250,7159630,7820030,8573180,9422900,10451060
Ahmednagar,768038,734745,761889,809818,852104,919611,1084679,1123297,1161915,1170792,1292094,1423016,1533702,1636312,1801134
Aizawl,65801,69272,69272,72743,76214,79685,83156,86627,90098,93569,97040,100511,103982,107453,110924
Ajmer,360313,355759,377330,361096,402596,426505,445776,522856,599937,669996,741146,785532,830104,863211,900104
Akola,297006,290931,293496,332053,338498,324969,369828,362641,355454,341836,376612,410318,420335,436640,461518
Alappuzha,453390,460027,489373,524772,551077,588560,639836,671839,703842,758266,848819,906140,981179,1063019,1147733
Aligarh,377432,391289,371935,409634,429658,452232,481718,510509,539300,581831,613538,666134,706061,743810,780232
Allahabad,523028,563985,553963,562103,611685,610517,663874,821680,979487,1074948,1168166,1197353,1269804,1350582,1428884
Almora,71270,78800,78800,86330,93860,101390,108920,116450,123980,131510,139040,146570,154100,161630,169160
Alwar,532811,520212,512121,503695,620595,630185,662671,717277,771884,852543,778850,983060,1041001,1086530,1134106
Ambala,267325,290999,327414,355062,372782,412086,434867,418560,402253,427215,477951,506157,532449,559455,582341
Ambedkar nagar,127649,136463,136463,145277,154091,162905,171719,180533,189347,198161,206975,215789,224603,233417,242231
Amravati,497945,466055,529835,561725,593615,625505,657395,689285,721175,753065,784955,816845,848735,880625,912515
Amreli,531710,533670,535630,537590,539550,541510,543470,545430,547390,549350,589210,625260,666560,697200,749840
Amritsar,770534,811276,837752,862110,898886,954156,984066,816593,649121,682562,766370,773113,831426,869834,914928
Anantapur,472859,649770,649770,826681,1003592,1180503,1357414,1534325,1711236,1888147,2065058,2241969,2418880,2595791,2772702
Andaman,79932,79508,80356,80780,81204,81628,82052,82476,82900,83324,83748,84172,84596,85020,85444
Anugul,336052,331431,340673,345294,349915,354536,359157,363778,368399,373020,377641,382262,386883,391504,396125
Araria,88689,99793,99793,110897,122001,133105,144209,155313,166417,177521,188625,199729,210833,221937,233041
Arwal,26382,28524,28524,30666,32808,34950,37092,39234,41376,43518,45660,47802,49944,52086,54228
Auraiyya,138652,144305,144305,149958,155611,161264,166917,172570,178223,183876,189529,195182,200835,206488,212141
Aurangabad,100092,107453,111416,115961,116692,114337,482383,850430,1218477,1227179,1364986,1543018,1642868,1761127,1930134
Azamgarh,266754,265250,277915,262280,295554,279715,323013,426229,529445,555079,572665,660364,704042,763569,824537
Badaun,358823,324458,393188,427553,461918,496283,530648,565013,599378,633743,668108,702473,736838,771203,805568
Bagalkote,257491,284502,284502,311513,338524,365535,392546,419557,446568,473579,500590,527601,554612,581623,608634
Bageshwar,25085,27573,27573,30061,32549,35037,37525,40013,42501,44989,47477,49965,52453,54941,57429
Bagpat,183361,196224,196224,209087,221950,234813,247676,260539,273402,286265,299128,311991,324854,337717,350580
Bahraich,139143,140695,167403,162890,170938,185592,185302,208322,231342,253249,237790,260424,285637,312268,333957
Balaghat,165136,157446,174745,160056,177174,177319,195744,206009,216274,242071,258256,288738,320346,355511,392977
Balangir,141682,126315,157049,172416,187783,203150,218517,233884,249251,264618,279985,295352,310719,326086,341453
Baleshwar,181450,193816,193816,206182,218548,230914,243280,255646,268012,280378,292744,305110,317476,329842,342208
Ballia,187496,191167,195188,182741,201905,194029,222334,275708,329083,361629,382425,415618,434993,462968,488653
Balrampur,102622,117498,117498,132374,147250,162126,177002,191878,206754,221630,236506,251382,266258,281134,296010
Banaskantha,537310,561510,585710,609910,634110,658310,682510,706710,730910,755110,862740,1085200,1174800,1204080,1324530
Banda,121405,116923,131943,132709,151591,153702,155442,160618,165794,175730,176733,190493,196299,202870,209063
Bangalore Rural,326257,509626,509626,692995,876364,1059733,1243102,1426471,1609840,1793209,1976578,2159947,2343316,2526685,2710054
Bangalore Urban,2187693,2049012,2326374,2465055,2603736,2742417,2881098,3019779,3158460,3297141,3435822,3574503,3713184,3851865,3990546
Banka,68184,71757,71757,75330,78903,82476,86049,89622,93195,96768,100341,103914,107487,111060,114633
Bankura,481890,514845,547017,528458,541659,572173,606506,648373,690241,722026,824591,885592,942113,1028641,1100583
Banswara,154524,142643,161206,159035,190079,186714,204693,202009,199326,204259,243297,263796,279752,293143,307361
Barabanki,245540,246471,278760,261470,285851,322833,313177,298101,283026,302687,299941,333924,352627,369200,384913
Baran,144568,153596,153596,162624,171652,180680,189708,198736,207764,216792,225820,234848,243876,252904,261932
Bareilly,447763,454069,458592,461424,488676,507006,535777,601370,666964,639171,680953,719909,757160,790711,821542
Bargarh,148930,126510,171350,193770,216190,238610,261030,283450,305870,328290,350710,373130,395550,417970,440390
Barmer,183821,214801,253706,208929,327678,254460,267642,244867,222093,244856,219803,256638,290099,309221,335054
Barwani,81645,78195,85095,88545,91995,95445,98895,102345,105795,109245,112695,116145,119595,123045,126495
Baster,116666,101089,132243,147820,163397,178974,194551,210128,225705,241282,256859,272436,288013,303590,319167
Basti,138402,137716,143773,139515,147089,160081,166348,210742,255136,247251,275150,301122,331071,366277,400030
Bathinda,299547,323806,323806,348065,372324,396583,420842,445101,469360,493619,517878,542137,566396,590655,614914
Baudh,36314,34224,38404,40494,42584,44674,46764,48854,50944,53034,55124,57214,59304,61394,63484
Beed,336915,343077,338508,356134,353080,374017,456845,557174,657503,648225,721649,826205,892459,948480,1056270
Begusarai,174791,194686,194686,214581,234476,254371,274266,294161,314056,333951,353846,373741,393636,413531,433426
Belgaum,696835,770024,709207,717544,713948,721666,801278,929783,1058288,1099616,1166541,1349009,1310260,1311370,1340743
Bellary,351742,383759,383933,435153,572239,557926,635942,581998,528054,549061,532026,585614,592316,606753,625433
Betul,170227,160022,180862,175523,187929,189555,212371,221080,229789,256999,276298,306589,339044,378207,423540
Bhabhua,68195,89647,89647,111099,132551,154003,175455,196907,218359,239811,261263,282715,304167,325619,347071
Bhadrak,97602,97361,97843,98084,98325,98566,98807,99048,99289,99530,99771,100012,100253,100494,100735
Bhagalpur,155167,168420,175742,188763,200188,212927,222962,232997,243032,271460,291915,337716,375873,425194,461944
Bhandara,203828,203386,211286,242998,259625,259135,303956,268842,233729,228207,237969,263823,260787,275197,301028
Bharatpur,257787,276171,273238,235010,319450,297007,316655,359348,402042,437255,418125,477172,504426,529301,555322
Bharuch,99060,199750,300440,401130,501820,602510,703200,803890,904580,1005270,1128030,1274210,1327830,1384680,1493280
Bhavnagar,591600,653610,715620,777630,839640,901650,963660,1025670,1087680,1149690,1150340,1218120,1333570,1458090,1607000
Bhilwara,407849,373008,360257,367747,483038,475583,483841,548457,613073,669861,768972,796680,829688,857225,877918
Bhind,129506,115280,132831,122271,136286,135685,148321,189459,230597,261025,280840,296951,322884,355460,406142
Bhiwani,249647,254675,254675,259703,264731,269759,274787,279815,284843,289871,294899,299927,304955,309983,315011
Bhojpur,123983,152977,152977,181971,210965,239959,268953,297947,326941,355935,384929,413923,442917,471911,500905
Bhopal,433597,427719,439475,445353,451231,457109,462987,468865,474743,480621,486499,492377,498255,504133,510011
Bidar,187337,171210,184338,193583,196422,194141,195771,278785,361799,371806,388171,407779,420227,435657,457416
Bijapur,270697,246933,294461,318225,341989,365753,389517,413281,437045,460809,484573,508337,532101,555865,579629
Bijapur / Vijayapura,220480,252990,285500,318010,350520,383030,415540,448050,480560,513070,558870,642790,655430,680250,718930
Bijnor,426103,421314,453322,466550,479331,491934,533489,606836,680184,713497,751860,847608,870077,895022,926084
Bikaner,291673,299626,355881,248324,422845,354247,342141,368602,395064,433128,479146,486441,508021,533776,563705
Bilashpur,235720,227970,220220,212470,204720,196970,189220,181470,173720,165970,184150,197290,222220,237470,253850
Bilaspur,83870,86822,90500,95340,103097,109744,117648,281590,445532,493664,558195,612013,635895,700541,760687
Birbhum,420233,432178,479378,490146,509041,518035,547823,547656,547490,550792,633713,672311,696266,730296,778433
Bishnupur,31745,30855,32635,33525,34415,35305,36195,37085,37975,38865,39755,40645,41535,42425,43315
BOKARO,254686,224483,284889,315092,345295,375498,405701,435904,466107,496310,526513,556716,586919,617122,647325
Bolangir,130850,153320,175790,198260,220730,243200,265670,288140,310610,333080,349360,373090,390940,426430,452750
Bulandshahr,445911,464158,464158,482405,500652,518899,537146,555393,573640,591887,610134,628381,646628,664875,683122
Buldhana,298002,267188,300833,319167,340743,325162,386261,421991,457722,426847,492613,547454,566526,585671,622119
Bundi,159208,142462,163359,133377,186658,188347,204413,198531,192650,207687,224517,261270,276384,287999,298894
Burdwan,1375299,1398562,1510632,1555546,1688636,1840836,1975451,1902055,1828660,1863445,1977745,2060509,2141697,2272441,2425680
Buxar,76104,84941,84941,93778,102615,111452,120289,129126,137963,146800,155637,164474,173311,182148,190985
Cachar,89040,123850,158660,193470,228280,263090,297900,332710,367520,402330,437780,474640,499590,539810,566620
Chamarajanagar,147989,168801,168801,189613,210425,231237,252049,272861,293673,314485,335297,356109,376921,397733,418545
Chamba,76855,79794,89397,88314,95721,101338,109483,125432,141381,142867,148093,156693,162593,173704,185262
Chamoli,46777,50965,57308,62952,66912,81387,85105,87983,90861,102891,120743,131893,142548,153842,168613
Champawat,27059,29236,29236,31413,33590,35767,37944,40121,42298,44475,46652,48829,51006,53183,55360
Champhai,14763,15382,15382,16001,16620,17239,17858,18477,19096,19715,20334,20953,21572,22191,22810
Chandauli,151491,161492,161492,171493,181494,191495,201496,211497,221498,231499,241500,251501,261502,271503,281504
Chandel,13486,13707,13707,13928,14149,14370,14591,14812,15033,15254,15475,15696,15917,16138,16359
Chandrapur,480113,462622,508704,516489,565556,574548,657648,620607,583566,567221,592683,642186,637306,666503,723443
Changlang,17609,18202,18202,18795,19388,19981,20574,21167,21760,22353,22946,23539,24132,24725,25318
CHATRA,66017,58492,73542,81067,88592,96117,103642,111167,118692,126217,133742,141267,148792,156317,163842
Chennai,1321512,1272553,1370471,1419430,1468389,1517348,1566307,1615266,1664225,1713184,1762143,1811102,1860061,1909020,1957979
Chhatarpur,150865,145465,154593,149282,160605,166844,177201,182029,186858,206679,222069,241573,263862,285618,310909
Chhindwara,261688,239074,245856,253679,283022,287169,305154,314746,324338,358237,376353,379652,417570,456645,507658
Chickmagalur,249137,220688,232513,250527,235735,260785,287213,372886,458560,461636,510015,561249,552393,557199,571892
Chitradurga,205789,240349,238780,245982,236529,241764,255633,271868,288104,286172,306720,312313,307716,307580,313215
Chitrakoot,50265,49409,51121,51977,52833,53689,54545,55401,56257,57113,57969,58825,59681,60537,61393
Chittoor,539557,622334,667935,649028,710034,783221,760505,752600,744695,786972,821121,936800,1005786,1047154,1088702
Chittorgarh,275520,230576,282553,249163,311016,323105,350371,324642,298914,321929,317222,394129,431760,450759,469570
Churachandpur,25506,24073,26939,28372,29805,31238,32671,34104,35537,36970,38403,39836,41269,42702,44135
Churu,170711,170874,202356,169032,250207,222057,232039,237665,243292,258737,272183,320154,347638,372807,402597
Coimbatore,1154399,1271650,1245286,1317142,1401389,1554566,1684516,1590966,1497417,1560581,1815808,2029584,2158979,2219827,2346415
Cooch Behar,331449,349340,360588,365537,403888,422662,455521,420797,386074,409984,501029,460745,479613,505961,540097
Cuddalore,408001,443056,443056,478111,513166,548221,583276,618331,653386,688441,723496,758551,793606,828661,863716
Cuddapah,382276,424248,424248,466220,508192,550164,592136,634108,676080,718052,760024,801996,843968,885940,927912
Cuttack,296205,301844,323892,332735,363150,415624,462459,509294,556129,605652,623448,674753,696690,757402,821807
Dakshin Dinajpur,213941,230837,230837,247733,264629,281525,298421,315317,332213,349109,366005,382901,399797,416693,433589
Dakshina Kannada,486186,537941,587102,681490,777158,715143,719295,752937,786580,822224,810904,878875,890684,926526,959240
Damoh,117486,117810,120093,107663,124411,130693,141446,145398,149350,159095,170566,180031,191745,204600,219783
Damtari,74812,69302,80322,85832,91342,96852,102362,107872,113382,118892,124402,129912,135422,140932,146442
Dangs,38260,44080,49900,55720,61540,67360,73180,79000,84820,90640,87310,91150,84900,86490,92820
Dantewara,85155,73531,96779,108403,120027,131651,143275,154899,166523,178147,189771,201395,213019,224643,236267
Darbhanga,151672,212633,178898,183284,178271,197640,215840,234041,252241,279592,296974,337010,375956,435677,472367
Darjeeling,316108,334529,361914,381161,396131,424017,455894,507374,558855,582331,624586,659625,676414,697079,712437
Darrang,84110,89080,94050,99020,103990,108960,113930,118900,123870,128840,144850,161130,163480,172890,180460
Datia,73955,70675,78755,73436,79263,78152,85696,88109,90522,97705,101793,108474,117984,128544,142455
Dausa,144488,146415,146415,148342,150269,152196,154123,156050,157977,159904,161831,163758,165685,167612,169539
Davangere,269272,283779,283779,298286,312793,327300,341807,356314,370821,385328,399835,414342,428849,443356,457863
Debagarh,35201,32229,38173,41145,44117,47089,50061,53033,56005,58977,61949,64921,67893,70865,73837
Dehradun,220844,242388,242388,263932,285476,307020,328564,350108,371652,393196,414740,436284,457828,479372,500916
DEOGHAR,147611,123889,171333,195055,218777,242499,266221,289943,313665,337387,361109,384831,408553,432275,455997
Deoria,164724,168805,166110,166770,170665,172317,190646,253382,316118,343333,370386,412543,441078,474555,500700
Dewas,165588,140687,159888,150489,173522,169992,180028,259399,338770,380831,428824,442325,477139,525640,598784
DHANBAD,465178,443227,487129,509080,531031,552982,574933,596884,618835,640786,662737,684688,706639,728590,750541
Dhar,199721,171694,190967,182828,211130,215282,223987,312148,400310,453848,490725,521535,569860,635820,724566
Dharmapuri,231650,243243,243243,254836,266429,278022,289615,301208,312801,324394,335987,347580,359173,370766,382359
Dharwad,312558,328097,314915,366447,355879,341747,414299,505278,596257,625469,606619,666982,689874,719406,745700
Dhenkanal,112375,109545,119227,113169,133328,144777,169161,193546,217931,233921,244407,265271,287789,315848,334873
Dholpur,93230,85636,100824,108418,116012,123606,131200,138794,146388,153982,161576,169170,176764,184358,191952
Dhule,257811,255293,292421,294467,321413,324589,359697,378904,398111,389223,444147,489770,501827,531421,571834
Dibang Valley,8685,9286,9286,9887,10488,11089,11690,12291,12892,13493,14094,14695,15296,15897,16498
Dibrugarh,288390,333130,377870,422610,467350,512090,556830,601570,646310,691050,730010,816100,851100,890250,937270
Dindigul,404778,416558,416558,428338,440118,451898,463678,475458,487238,499018,510798,522578,534358,546138,557918
Dindori,43490,36112,50868,58246,65624,73002,80380,87758,95136,102514,109892,117270,124648,132026,139404
DUMKA,176349,155105,197593,218837,240081,261325,282569,303813,325057,346301,367545,388789,410033,431277,452521
Dungarpur,119687,113425,121221,119141,141913,144703,155395,159487,163579,176052,202785,212925,218765,226912,234753
Durg,398149,368941,409038,415756,493740,526494,599170,656357,713545,760499,775329,877503,888226,954456,1011582
E. SINGHBHUM,337058,292088,382028,426998,471968,516938,561908,606878,651848,696818,741788,786758,831728,876698,921668
E.Champaran,176431,227943,227943,279455,330967,382479,433991,485503,537015,588527,640039,691551,743063,794575,846087
EAST,45822,47061,47061,48300,49539,50778,52017,53256,54495,55734,56973,58212,59451,60690,61929
East Garo Hills,28201,28200,28202,28203,28204,28205,28206,28207,28208,28209,28210,28211,28212,28213,28214
East Kameng,7164,7702,7702,8240,8778,9316,9854,10392,10930,11468,12006,12544,13082,13620,14158
East Khasi Hills,134518,143973,143973,153428,162883,172338,181793,191248,200703,210158,219613,229068,238523,247978,257433
East Nimar,193428,177585,209271,225114,240957,256800,272643,288486,304329,320172,336015,351858,367701,383544,399387
East Siang,12000,12813,12813,13626,14439,15252,16065,16878,17691,18504,19317,20130,20943,21756,22569
Eastgodavari,950767,966492,966492,982217,997942,1013667,1029392,1045117,1060842,1076567,1092292,1108017,1123742,1139467,1155192
Eranakulam,956242,975223,1040979,1123283,1209566,1318023,1462005,1637181,1812358,1929260,2074580,2241289,2485075,2660359,2910334
Erode,623011,666852,666852,710693,754534,798375,842216,886057,929898,973739,1017580,1061421,1105262,1149103,1192944
Etah,265804,263241,271063,286629,301573,316011,340656,260736,180816,196149,201961,182935,192406,203383,212879
Etawa,126156,121146,131166,136176,141186,146196,151206,156216,161226,166236,171246,176256,181266,186276,191286
Faizabad,152540,163826,172651,162910,190274,184629,204147,248302,292457,299496,302784,327504,343516,356206,367823
Faridabad,612049,725878,725878,839707,953536,1067365,1181194,1295023,1408852,1522681,1636510,1750339,1864168,1977997,2091826
Faridkot,157758,163315,163315,168872,174429,179986,185543,191100,196657,202214,207771,213328,218885,224442,229999
Farrukhabad,151414,164730,166333,163994,160060,177524,177086,195469,213852,237043,259595,244336,256439,266239,275186
Fatehabad,194231,204904,204904,215577,226250,236923,247596,258269,268942,279615,290288,300961,311634,322307,332980
Fatehgarh Sahib,188052,178388,197716,207380,217044,226708,236372,246036,255700,265364,275028,284692,294356,304020,313684
Fatehpur,197617,191140,197905,184267,194883,199660,207597,255326,303056,320645,333838,349378,371954,388196,403369
Firozabad,211386,237279,237279,263172,289065,314958,340851,366744,392637,418530,444423,470316,496209,522102,547995
Firozepur,484781,478322,491240,497699,504158,510617,517076,523535,529994,536453,542912,549371,555830,562289,568748
Gadag,135041,163624,163624,192207,220790,249373,277956,306539,335122,363705,392288,420871,449454,478037,506620
Gadchiroli,143787,124775,162799,181811,200823,219835,238847,257859,276871,295883,314895,333907,352919,371931,390943
Gajapati,54786,56101,56101,57416,58731,60046,61361,62676,63991,65306,66621,67936,69251,70566,71881
Ganga Nagar,392402,360129,424675,456948,489221,521494,553767,586040,618313,650586,682859,715132,747405,779678,811951
Ganjam,302701,312739,342302,326912,370601,402744,467305,531867,596429,639082,675196,738781,759007,815610,851806
GARHWA,73714,65833,81595,89476,97357,105238,113119,121000,128881,136762,144643,152524,160405,168286,176167
Garhwal,81839,91845,98318,121115,118826,130784,137880,125818,113756,126227,145738,164642,182395,199616,217606
Gautambudh nagar,450862,456947,456947,463032,469117,475202,481287,487372,493457,499542,505627,511712,517797,523882,529967
Gaya,186933,201684,203335,217114,225900,224512,233441,242371,251301,278611,295854,336136,369383,424410,460638
Gaziabad,588421,639474,639474,690527,741580,792633,843686,894739,945792,996845,1047898,1098951,1150004,1201057,1252110
Ghazipur,207642,214370,219610,217024,229967,224514,252625,302205,351785,383175,402485,434328,465163,498809,531613
GIRIDIH,162199,145706,178692,195185,211678,228171,244664,261157,277650,294143,310636,327129,343622,360115,376608
Goalpara,52310,63780,75250,86720,98190,109660,121130,132600,144070,155540,166400,172440,178500,184260,197050
GODDA,88702,77558,99846,110990,122134,133278,144422,155566,166710,177854,188998,200142,211286,222430,233574
Gonda,163478,168280,191786,192750,208109,214986,226231,250016,273801,300127,322597,338535,360161,388281,409923
Gondia,195053,202753,202753,210453,218153,225853,233553,241253,248953,256653,264353,272053,279753,287453,295153
Gopalgang,102065,112226,112226,122387,132548,142709,152870,163031,173192,183353,193514,203675,213836,223997,234158
Gorakhpur,291983,308609,327948,334739,357197,372156,399024,453658,508292,544916,608866,625727,652575,681439,701226
Gulbarga,428665,434756,434756,440847,446938,453029,459120,465211,471302,477393,483484,489575,495666,501757,507848
GUMLA,142724,130102,155346,167968,180590,193212,205834,218456,231078,243700,256322,268944,281566,294188,306810
Guna,175091,174559,183434,153149,187325,191885,211515,175055,138596,161326,196420,211220,235118,259289,292011
Guntur,790562,844046,909367,830896,931754,996915,1069153,1280206,1491260,1548785,1620338,1748298,1872594,1939064,2012195
Gurdaspur,470119,496199,506739,505629,542978,557249,599081,636660,674239,711359,806859,786772,833577,870723,899812
Gurgaon,771509,829834,919686,1027473,1222344,1375222,1497767,1100991,704215,790402,927170,1034120,1200414,1375723,1545428
Gwalior,308228,301219,319661,312489,334780,348734,369587,436553,503519,576410,623555,670372,742538,802331,873825
Hamirpur,97468,98438,105215,113394,118337,127019,134516,127514,120512,127426,131470,139742,142842,147231,151528
Hanumangarh,257736,248645,266827,275918,285009,294100,303191,312282,321373,330464,339555,348646,357737,366828,375919
Harda,58617,56186,61048,63479,65910,68341,70772,73203,75634,78065,80496,82927,85358,87789,90220
Hardoi,261512,256437,251539,262431,294762,315834,327480,343002,358525,392896,393674,423896,461571,490932,517685
Hardwar,277555,328944,328944,380333,431722,483111,534500,585889,637278,688667,740056,791445,842834,894223,945612
Hassan,259643,266807,275575,271498,316178,290659,308282,376543,444805,461000,514026,590777,581961,585605,604257
HathRas (Mahamaya nagar),176525,192381,192381,208237,224093,239949,255805,271661,287517,303373,319229,335085,350941,366797,382653
Haveri,207276,260845,260845,314414,367983,421552,475121,528690,582259,635828,689397,742966,796535,850104,903673
HAZARIBAGH,308678,293392,323964,339250,354536,369822,385108,400394,415680,430966,446252,461538,476824,492110,507396
Hingoli,106021,121100,121100,136179,151258,166337,181416,196495,211574,226653,241732,256811,271890,286969,302048
Hisar,364678,396315,396315,427952,459589,491226,522863,554500,586137,617774,649411,681048,712685,744322,775959
Hooghly,907751,933795,1022772,1024438,1111384,1169552,1262994,1242946,1222898,1262164,1351693,1372587,1450287,1575264,1687604
Hoshangabad,174745,177063,189901,179115,194970,190545,208114,223616,239119,266851,294630,316209,341135,365804,397783
Hoshiarpur,353046,353085,371209,379603,402910,420721,456265,464603,472942,490572,528166,555472,561589,586839,604511
Howrah,713442,777537,826525,894409,897461,962051,1042824,1079161,1115498,1167224,1273018,1359643,1406652,1523918,1664738
Hyderabad,921340,979819,1057958,1157247,1244988,1283405,1500523,2399535,3298548,3657168,3742015,4128784,4586035,4673538,4954211
Idukki,295833,326871,326871,357909,388947,419985,451023,482061,513099,544137,575175,606213,637251,668289,699327
Imphal East,46026,42883,49169,52312,55455,58598,61741,64884,68027,71170,74313,77456,80599,83742,86885
Imphal West,106746,96360,117132,127518,137904,148290,158676,169062,179448,189834,200220,210606,220992,231378,241764
Indore,738176,717083,745676,752375,804052,844527,885860,1145468,1405076,1627431,1816353,1937595,2142687,2313952,2502463
Jabalpur,365137,362499,376055,378912,405743,436421,464152,520239,576326,670459,721989,793197,856616,919642,980425
Jagatsinghapur,110388,113677,113677,116966,120255,123544,126833,130122,133411,136700,139989,143278,146567,149856,153145
Jahanabad,45746,49927,49927,54108,58289,62470,66651,70832,75013,79194,83375,87556,91737,95918,100099
Jaintia Hills,57403,59207,59207,61011,62815,64619,66423,68227,70031,71835,73639,75443,77247,79051,80855
Jaipur,1027744,1000354,1129367,1089572,1233281,1290054,1425517,1721407,2017297,2252234,2520408,2807073,2949716,3071328,3200850
Jaisalmer,69356,77841,87287,73499,99249,90773,134910,146439,157969,173166,183114,212141,222738,231510,241542
Jajapur,150040,154515,154515,158990,163465,167940,172415,176890,181365,185840,190315,194790,199265,203740,208215
Jalandhar,599873,572768,594738,618197,646856,682268,732604,810811,889019,935065,1000189,1045786,1100185,1153519,1208286
Jalaun,160824,145576,167590,176828,186313,200527,188837,188742,188648,201905,209893,220824,227601,239888,248485
Jalgaon,740126,682557,748080,785118,823761,864031,1037973,1037347,1036721,1009987,1124899,1310044,1389305,1465148,1588669
Jalna,212752,205672,219832,226912,233992,241072,248152,255232,262312,269392,276472,283552,290632,297712,304792
Jalore,162685,159911,223886,169458,248125,211619,216436,224843,233250,250048,269436,297742,320797,339970,362095
Jalpaiguri,567825,575221,603482,637521,659477,698130,734997,764613,794229,829789,917273,990605,1031345,1101977,1169786
Jamnagar,1085020,1124410,1163800,1203190,1242580,1281970,1321360,1360750,1400140,1439530,1633970,1740390,1803980,1932460,2109980
Jamui,62465,66225,66225,69985,73745,77505,81265,85025,88785,92545,96305,100065,103825,107585,111345
Janjgir-Champa,115122,107787,122457,129792,137127,144462,151797,159132,166467,173802,181137,188472,195807,203142,210477
Jashpur,74052,66547,81557,89062,96567,104072,111577,119082,126587,134092,141597,149102,156607,164112,171617
Jaunpur,253364,264083,263696,256841,268547,260951,287958,376554,465151,496977,515590,565573,592361,620528,652675
Jhabua,105689,96748,109764,108717,119323,121844,133377,100868,68360,75438,78162,88302,97609,107897,121559
Jhajjar,158090,176913,176913,195736,214559,233382,252205,271028,289851,308674,327497,346320,365143,383966,402789
Jhalawar,168810,146804,166032,139860,203522,210131,205500,187974,170448,186009,216552,295715,311790,327761,342093
Jhansi,241661,257409,273250,280542,292512,309464,311583,330100,348617,388092,424349,457389,485861,517730,546115
Jharsuguda,118552,113680,123424,128296,133168,138040,142912,147784,152656,157528,162400,167272,172144,177016,181888
Jhunjhunu,223982,233451,256417,234129,290457,287442,303895,328118,352342,380518,408228,461558,482262,498571,515270
Jind,238320,250061,266888,264569,290074,292507,297055,357844,418634,449081,474045,489330,522352,550493,575783
Jodhpur,414981,420327,498149,445496,561811,550885,584387,615106,645825,705886,760575,845012,887024,934045,978956
Junagadh,942600,945440,948280,951120,953960,956800,959640,962480,965320,968160,1016610,1077460,1080340,1142400,1228730
Jyotiba phule nagar,220898,223667,223667,226436,229205,231974,234743,237512,240281,243050,245819,248588,251357,254126,256895
Kadapa YSR,411040,461940,512840,563740,614640,665540,716440,767340,818240,869140,990750,1136350,1202170,1272190,1329250
Kaithal,180389,179950,180828,181267,181706,182145,182584,183023,183462,183901,184340,184779,185218,185657,186096
Kalahandi,135962,132638,135786,127554,153150,159296,174279,189263,204246,210298,215393,226762,230355,247528,253494
Kamrup,100420,129320,158220,187120,216020,244920,273820,302720,331620,360520,401510,423350,470620,486020,518510
Kancheepuram,684513,730570,730570,776627,822684,868741,914798,960855,1006912,1052969,1099026,1145083,1191140,1237197,1283254
Kandhamal,81011,80251,81771,82531,83291,84051,84811,85571,86331,87091,87851,88611,89371,90131,90891
Kangra,268646,278317,303858,306237,329150,359521,404046,414760,425474,481233,518363,568345,629902,679451,722260
Kanker,60555,52439,68671,76787,84903,93019,101135,109251,117367,125483,133599,141715,149831,157947,166063
Kannauj,133161,215357,215357,297553,379749,461945,544141,626337,708533,790729,872925,955121,1037317,1119513,1201709
Kanniyakumari,395906,429086,429086,462266,495446,528626,561806,594986,628166,661346,694526,727706,760886,794066,827246
kannur,492051,487359,496743,501435,506127,510819,515511,520203,994240,1041710,1127660,1220290,1306540,1405760,1514220
Kanpur (R),171533,177773,177773,184013,190253,196493,202733,208973,215213,221453,227693,233933,240173,246413,252653
Kanpur (U),540455,605255,605255,670055,734855,799655,864455,929255,994055,1058855,1123655,1188455,1253255,1318055,1382855
Kapurthala,218700,238860,231955,239454,253268,264378,280973,294933,308893,326555,346243,362663,382277,397150,417723
Karauli,136776,124275,149277,161778,174279,186780,199281,211782,224283,236784,249285,261786,274287,286788,299289
Karbi-Anglong,125490,133010,140530,148050,155570,163090,170610,178130,185650,193170,213600,219490,232340,249240,267190
Karimnagar,647023,648853,659697,675513,761140,710096,933089,1036649,1140210,1147982,1122533,1180393,1244202,1314117,1368979
Karnal,295571,312316,332901,357561,369914,401775,426004,528939,631875,679406,788248,846483,914841,962232,1004908
Karur,199060,220512,220512,241964,263416,284868,306320,327772,349224,370676,392128,413580,435032,456484,477936
Kasargode,225434,214618,236250,247066,257882,268698,279514,290330,301146,311962,322778,333594,344410,355226,366042
Katihar,119106,156980,156980,194854,232728,270602,308476,346350,384224,422098,459972,497846,535720,573594,611468
Katni,149342,143985,154699,160056,165413,170770,176127,181484,186841,192198,197555,202912,208269,213626,218983
Kaushambi,95343,106095,106095,116847,127599,138351,149103,159855,170607,181359,192111,202863,213615,224367,235119
Kawardha,50178,41220,59136,68094,77052,86010,94968,103926,112884,121842,130800,139758,148716,157674,166632
Kendrapara,101186,105298,105298,109410,113522,117634,121746,125858,129970,134082,138194,142306,146418,150530,154642
Kendujhar,188631,187287,189975,191319,192663,194007,195351,196695,198039,199383,200727,202071,203415,204759,206103
Khagaria,63190,69480,69480,75770,82060,88350,94640,100930,107220,113510,119800,126090,132380,138670,144960
Khammam,494770,525199,566022,582408,647374,676591,732961,682253,631545,652065,635224,684299,710976,749082,779298
Khandwa / East Nimar,66990,82500,98010,113520,129030,144540,160050,175560,191070,206580,227840,240410,258730,281780,310630
Khargone / West Nimar,26412,36035,55280,93770,132260,170750,209240,247730,286220,324710,364270,384480,432370,491130,571070
Kheda,459760,481510,503260,525010,546760,568510,590260,612010,633760,655510,714460,865180,884130,918550,981910
Kheri,343819,337062,348231,364250,359732,393795,395535,444302,493069,409209,425570,452296,482566,501879,520275
Khordha,293635,305187,305187,316739,328291,339843,351395,362947,374499,386051,397603,409155,420707,432259,443811
Kinnaur,26416,27978,29770,32609,36509,41812,41538,42874,44211,48053,48268,47579,47680,45658,45538
Kisangang,60744,71166,71166,81588,92010,102432,112854,123276,133698,144120,154542,164964,175386,185808,196230
Kodagu,160585,152644,168526,176467,184408,192349,200290,208231,216172,224113,232054,239995,247936,255877,263818
KODERMA,58883,54346,63420,67957,72494,77031,81568,86105,90642,95179,99716,104253,108790,113327,117864
Kolar,361333,362906,381490,362421,395969,418705,434770,319522,204275,203792,203110,217384,217323,220102,224658
Kolasib,11046,11065,11065,11084,11103,11122,11141,11160,11179,11198,11217,11236,11255,11274,11293
Kolhapur,910822,906052,950123,993684,1001448,1070019,1259215,1330591,1401968,1357339,1473530,1710782,1773653,1858154,1996145
Kolkata,1269424,1375213,1451960,1554660,1629108,1769715,1963412,2996104,4028796,4383768,4519253,4934529,5407160,5838174,6358923
Kollam,514442,529083,578575,608315,637872,695127,766665,789364,812063,852071,926374,1007056,1081425,1184843,1292160
Koppal,163993,178790,178790,193587,208384,223181,237978,252775,267572,282369,297166,311963,326760,341557,356354
Koraput,150434,152395,192629,170859,199175,250473,222485,194497,166510,173705,162642,184498,185753,196101,200474
Korba,466865,467430,467430,467995,468560,469125,469690,470255,470820,471385,471950,472515,473080,473645,474210
Koriya,89667,90050,90050,90433,90816,91199,91582,91965,92348,92731,93114,93497,93880,94263,94646
Kota,301013,296198,313129,296037,376644,375079,400905,485106,569308,628743,686783,736676,748923,784451,824104
Kottayam,443062,465332,497213,549865,584011,651602,725094,748582,772071,826563,932222,1001686,1094603,1204708,1308375
Kozhikode,611170,595396,647650,690126,756729,815160,891504,889839,888174,930228,982500,1062837,1119886,1210711,1321809
Krishna,861547,887078,940185,993566,965897,1098536,1248302,1265455,1282608,1364626,1449429,1628721,1734636,1814106,1893482
Krishnagiri,241474,259421,259421,277368,295315,313262,331209,349156,367103,385050,402997,420944,438891,456838,474785
Kullu,74683,85376,88255,98203,111349,124551,132586,127469,122352,131268,135843,141413,156907,166184,174099
Kurnool,454810,517812,552865,545911,594570,616166,768449,814734,861020,879761,903624,995071,1036945,1086511,1127425
Kurukshetra,166063,176115,176115,186167,196219,206271,216323,226375,236427,246479,256531,266583,276635,286687,296739
Kushinagar,189698,198854,198854,208010,217166,226322,235478,244634,253790,262946,272102,281258,290414,299570,308726
Kutch,513850,598830,683810,768790,853770,938750,1023730,1108710,1193690,1278670,1435160,1576810,1658570,1804580,1986010
L&S,22943,20566,25320,27697,30074,32451,34828,37205,39582,41959,44336,46713,49090,51467,53844
Lahul & Spiti,16940,18310,19680,21050,22420,23790,25160,26530,27900,29270,30180,30740,32820,34490,35610
Lakhimpur,108500,113020,117540,122060,126580,131100,135620,140140,144660,149180,155210,162530,169510,176730,181740
Lakhisarai,41119,44825,44825,48531,52237,55943,59649,63355,67061,70767,74473,78179,81885,85591,89297
Lalitpur,89120,88715,89525,89930,90335,90740,91145,91550,91955,92360,92765,93170,93575,93980,94385
Latur,271944,273231,273231,274518,275805,277092,278379,279666,280953,282240,283527,284814,286101,287388,288675
Lawngtlai,10886,11735,11735,12584,13433,14282,15131,15980,16829,17678,18527,19376,20225,21074,21923
LOHARDAGA,35695,31983,39407,43119,46831,50543,54255,57967,61679,65391,69103,72815,76527,80239,83951
Lohit,19185,20686,20686,22187,23688,25189,26690,28191,29692,31193,32694,34195,35696,37197,38698
Lower Subansiri,12014,12966,12966,13918,14870,15822,16774,17726,18678,19630,20582,21534,22486,23438,24390
Lucknow,558590,670099,639519,886854,779391,859309,909057,987403,1065749,1173754,1275974,1349962,1445226,1544800,1700779
Ludhiana,952969,1018975,1058277,1084344,1162796,1225769,1311187,1529691,1748195,1856633,1991699,2203234,2445230,2608214,2715742
Lunglei,21273,22559,22559,23845,25131,26417,27703,28989,30275,31561,32847,34133,35419,36705,37991
Madhepura,68141,86999,86999,105857,124715,143573,162431,181289,200147,219005,237863,256721,275579,294437,313295
Madhubani,156130,252911,252911,349692,446473,543254,640035,736816,833597,930378,1027159,1123940,1220721,1317502,1414283
Madurai,562775,593243,588243,597334,638168,716090,767063,857715,948368,990194,1098522,1220926,1279405,1319572,1386256
Mahabubnagar,379676,437617,471705,491571,513112,541891,722172,682852,643533,669576,704545,805243,851023,911055,983404
Maharajganj,160961,155018,166904,172847,178790,184733,190676,196619,202562,208505,214448,220391,226334,232277,238220
Mahasamund,77907,70879,84935,91963,98991,106019,113047,120075,127103,134131,141159,148187,155215,162243,169271
Mahindergarh,111936,119617,119617,127298,134979,142660,150341,158022,165703,173384,181065,188746,196427,204108,211789
Mahoba,84884,79841,89927,94970,100013,105056,110099,115142,120185,125228,130271,135314,140357,145400,150443
Mainpuri,151813,159695,171718,167606,172441,168813,170063,181669,193276,212099,220030,244222,256236,265526,273233
Malappuram,561017,545182,581198,658930,691092,747773,809683,873635,937587,1003977,1109387,1216133,1325677,1475517,1649057
Malda,496228,510218,566132,536647,570738,608393,629843,592189,554535,572952,625504,653007,696766,731218,781780
Malkangiri,53264,48503,58025,62786,67547,72308,77069,81830,86591,91352,96113,100874,105635,110396,115157
Mamit,11557,12036,12036,12515,12994,13473,13952,14431,14910,15389,15868,16347,16826,17305,17784
Mandi,158079,168636,182684,187312,203578,211420,233119,240038,246958,256192,267235,319769,342379,362926,387473
Mandla,77471,72361,82416,78673,84461,87621,94801,105189,115577,131200,137442,156018,174851,194515,218829
Mandsaur,196451,145257,163065,147620,170675,189872,187083,228030,268977,309639,361827,354843,399809,458153,536352
Mandya,246343,272009,270125,267583,279316,278410,280503,326488,372474,386392,403947,441959,443428,452665,465371
Mansa,165284,169406,169406,173528,177650,181772,185894,190016,194138,198260,202382,206504,210626,214748,218870
Mathura,286062,290360,295266,309396,326547,336145,379539,435846,492154,528450,561035,611210,652161,685308,714897
Mau,162092,168739,168739,175386,182033,188680,195327,201974,208621,215268,221915,228562,235209,241856,248503
Mayurbhanj,200364,200755,200755,201146,201537,201928,202319,202710,203101,203492,203883,204274,204665,205056,205447
Mayurbhanja,214490,237000,259510,282020,304530,327040,349550,372060,394570,417080,432140,440440,442730,476330,494320
Medak,668138,614182,648342,641496,748709,769543,841106,798948,756790,802311,813980,917646,968897,1010668,1064220
Meerut,516686,532264,528872,526638,577728,586347,637777,795764,953752,1054878,1206223,1258549,1339883,1424777,1509196
Mehsana,499320,544820,590320,635820,681320,726820,772320,817820,863320,908820,1026320,1209370,1291460,1346340,1452860
Midnapore,1551682,1629150,1629150,1706618,1784086,1861554,1939022,2016490,2093958,2171426,2248894,2326362,2403830,2481298,2558766
Mirzapur,183649,191702,191702,199755,207808,215861,223914,231967,240020,248073,256126,264179,272232,280285,288338
Moga,240526,299939,299939,359352,418765,478178,537591,597004,656417,715830,775243,834656,894069,953482,1012895
Moradabad,461528,425041,468021,476573,505254,539422,569600,676958,784317,846519,853783,972001,1043768,1112028,1174640
Morena,155794,146905,152790,138964,159437,165405,177865,251804,325744,383332,399504,428618,496736,570335,672399
Muktsar,188146,193970,193970,199794,205618,211442,217266,223090,228914,234738,240562,246386,252210,258034,263858
Mumbai *,5437409,5212234,5662584,5887759,6112934,6338109,6563284,6788459,7013634,7238809,7463984,7689159,7914334,8139509,8364684
Mungair,27000,43880,60760,77640,94520,111400,128280,145160,162040,178920,192810,216130,228280,255480,271130
Munger,95873,99676,99676,103479,107282,111085,114888,118691,122494,126297,130100,133903,137706,141509,145312
Murshidabad,834450,846840,942973,954189,1041302,1079115,1160034,993621,827208,840121,971964,991660,1042580,1113860,1199624
Muzaffarnagar,511272,510704,535155,545146,567171,588461,607692,716518,825344,883659,952914,1054211,1133057,1177376,1213702
Muzaffarpur,239542,254223,256871,277348,267425,303051,322646,342241,361837,406038,438058,504755,570377,663222,730978
Mysore,478299,568337,538335,563074,559483,605631,633959,727501,821043,865071,884555,978362,1002267,1044803,1092228
Nabarangapur,91645,86794,96496,101347,106198,111049,115900,120751,125602,130453,135304,140155,145006,149857,154708
Nadia,771723,752834,829085,871507,888556,900375,953661,895838,838016,844839,975703,1023367,1047014,1097327,1155730
Nagaon,230590,245190,259790,274390,288990,303590,318190,332790,347390,361990,414400,426770,444860,464610,483540
Nagapattinam,278790,294620,294620,310450,326280,342110,357940,373770,389600,405430,421260,437090,452920,468750,484580
Nagaur,292200,318128,357913,302829,432891,411847,436916,428891,420867,456959,447835,516442,528964,560757,596401
Nagpur,1112214,1081595,1130562,1208720,1302118,1371455,1559844,1714147,1868451,1923451,2122139,2311494,2363956,2523596,2737579
Nainital,130870,143344,152077,159417,172921,200476,214286,223608,232930,257280,300495,331744,360683,391025,427790
Nalanda,126913,139303,139303,151693,164083,176473,188863,201253,213643,226033,238423,250813,263203,275593,287983
Nalgonda,490701,518413,533446,519316,570324,634480,769253,769836,770420,827551,860683,966715,1032445,1096861,1160078
Namakkal,411450,445284,445284,479118,512952,546786,580620,614454,648288,682122,715956,749790,783624,817458,851292
Nanded,383007,353790,387676,417702,433287,441464,501856,568745,635635,605712,645742,703567,714689,748906,799704
Nandurbar,159149,162435,162435,165721,169007,172293,175579,178865,182151,185437,188723,192009,195295,198581,201867
Narsimhapur,115068,113008,117128,119188,121248,123308,125368,127428,129488,131548,133608,135668,137728,139788,141848
Nashik,1242213,1245397,1245397,1248581,1251765,1254949,1258133,1261317,1264501,1267685,1270869,1274053,1277237,1280421,1283605
Nawada,81040,85967,85967,90894,95821,100748,105675,110602,115529,120456,125383,130310,135237,140164,145091
Nawan Shehar,187253,199816,199816,212379,224942,237505,250068,262631,275194,287757,300320,312883,325446,338009,350572
Nayagarh,66671,67222,67222,67773,68324,68875,69426,69977,70528,71079,71630,72181,72732,73283,73834
Neemuch,110297,91723,128871,147445,166019,184593,203167,221741,240315,258889,277463,296037,314611,333185,351759
Nellore,457515,481117,481117,504719,528321,551923,575525,599127,622729,646331,669933,693535,717137,740739,764341
Nicobar,13925,14175,14175,14425,14675,14925,15175,15425,15675,15925,16175,16425,16675,16925,17175
Nizamabad,317641,359001,356605,362197,361471,375023,470049,606137,742226,791580,806606,952669,993071,1045982,1104213
NORTH,6156,6354,6354,6552,6750,6948,7146,7344,7542,7740,7938,8136,8334,8532,8730
North Cachar Hil / Dima hasao,60210,62510,64810,67110,69410,71710,74010,76310,78610,80910,86110,89930,96220,95230,99700
Nuapada,55962,54331,57593,59224,60855,62486,64117,65748,67379,69010,70641,72272,73903,75534,77165
Osmanabad,203951,213548,206550,218364,196646,227835,285508,356699,427891,431131,486166,556267,593676,632867,690820
PAKUR,116674,95184,138164,159654,181144,202634,224124,245614,267104,288594,310084,331574,353064,374554,396044
Palakkad,523239,545030,585701,622446,655570,727728,773151,736586,700021,737445,826925,852615,907181,976658,1062629
PALAMU,183745,168921,198569,213393,228217,243041,257865,272689,287513,302337,317161,331985,346809,361633,376457
Pali,249782,256968,284745,253695,325549,325212,330769,368390,406011,445643,489622,533578,571105,597557,623487
Panchkula,124342,131092,131092,137842,144592,151342,158092,164842,171592,178342,185092,191842,198592,205342,212092
Panchmahal,204480,234550,264620,294690,324760,354830,384900,414970,445040,475110,506640,550490,588830,638640,700630
Panipat,273245,304418,304418,335591,366764,397937,429110,460283,491456,522629,553802,584975,616148,647321,678494
Panna,77358,72565,81803,81185,101751,92154,99180,93920,88661,94470,104535,110814,119108,127578,136325
Papumpare,22839,24334,24334,25829,27324,28819,30314,31809,33304,34799,36294,37789,39284,40779,42274
Parbhani,225653,218895,237516,258744,266283,248428,310295,369225,428156,397754,426521,494645,509769,526464,558973
Pathanamthitta,271695,282431,282431,293167,303903,314639,325375,336111,346847,357583,368319,379055,389791,400527,411263
Patiala,542562,565484,580921,586792,604496,634214,682754,762387,842021,904369,989507,1067032,1081874,1133315,1169476
Patna,1035518,1148845,1176190,1355204,1372133,1592388,1322810,1053232,783654,872354,931732,1042997,1173830,1349422,1477822
Perambalur,159345,149515,169175,179005,188835,198665,208495,218325,228155,237985,247815,257645,267475,277305,287135
Phulbani ( Kandhamal ),116730,115220,113710,112200,110690,109180,107670,106160,104650,103140,107020,107720,109490,113170,115010
Pilibhit,175901,207288,190419,197268,194712,213909,229682,241728,253775,277079,291059,323672,339345,348933,359352
Pithoragarh,59509,64450,64450,69391,74332,79273,84214,89155,94096,99037,103978,108919,113860,118801,123742
Prakasam,450411,520969,520969,591527,662085,732643,803201,873759,944317,1014875,1085433,1155991,1226549,1297107,1367665
Pratapgarh,157613,163991,170600,170856,188579,178563,190911,233929,276947,298758,311354,345672,369363,397530,421168
Pudukkotai,240260,256939,256939,273618,290297,306976,323655,340334,357013,373692,390371,407050,423729,440408,457087
Pune,2723184,2622979,2687117,2913193,3202608,3724366,3814798,4306380,4797962,4991287,5540315,6110154,6128572,6715703,7398340
Puri,143563,143497,155145,159055,180642,197411,221921,246432,270943,290011,304628,335419,346793,375395,399234
Purnia,122558,152732,152732,182906,213080,243254,273428,303602,333776,363950,394124,424298,454472,484646,514820
Purulia,349833,355612,392245,370893,388971,407623,415545,451247,486949,508104,525835,540631,576702,628204,677415
Rae bareli,215509,206424,224594,233679,242764,251849,260934,270019,279104,288189,297274,306359,315444,324529,333614
Raichur,202800,211992,192124,201067,228960,233796,262758,345255,427752,447937,421480,470975,475287,489356,514416
Raigad,823564,857233,763085,893820,966138,1060643,914442,1201756,1489071,1578024,1640399,1780498,1837080,1953808,2105135
Raigarh,126457,131952,150150,153453,185726,205239,177742,242164,306587,336298,320309,338996,324973,340555,356144
Raipur,422467,412275,464669,479555,562357,615853,697266,845198,993130,1092680,1114701,1229343,1280456,1410244,1521072
Raisen,130134,119466,126374,122077,129129,134754,143385,167559,191733,211481,239661,253558,260337,278106,299864
Rajgarh,138769,113158,122518,112052,144309,143535,151738,182975,214212,210529,245981,286954,324224,373357,438828
Rajkot,1520120,1577430,1634740,1692050,1749360,1806670,1863980,1921290,1978600,2035910,2217960,2382890,2650840,2912540,3237210
Rajnangaon,145661,129667,161655,177649,193643,209637,225631,241625,257619,273613,289607,305601,321595,337589,353583
Rajsamand,136703,135355,138051,139399,140747,142095,143443,144791,146139,147487,148835,150183,151531,152879,154227
Ramanathapuram,219392,239669,239669,259946,280223,300500,320777,341054,361331,381608,401885,422162,442439,462716,482993
Rampur,249794,253097,261375,254878,258584,266978,272492,279655,286818,304680,316796,341067,356392,372317,387727
RANCHI,393095,373097,413093,433091,453089,473087,493085,513083,533081,553079,573077,593075,613073,633071,653069
Rangareddy,746697,757674,757674,768651,779628,790605,801582,812559,823536,834513,845490,856467,867444,878421,889398
Ratlam,211038,167937,178616,170306,206918,209024,217772,270750,323729,362469,388608,382146,418130,463089,523223
Ratnagiri,333247,318665,350239,404877,427755,423044,482629,512921,543214,546791,581758,645053,620176,657058,710285
Rayagada,94057,95247,95247,96437,97627,98817,100007,101197,102387,103577,104767,105957,107147,108337,109527
Rewa,187876,185304,196853,190737,198188,206142,219711,243451,267192,295536,315869,342090,373697,401486,433165
Rewari,191248,207729,207729,224210,240691,257172,273653,290134,306615,323096,339577,356058,372539,389020,405501
Ri Bhoi,23761,25759,25759,27757,29755,31753,33751,35749,37747,39745,41743,43741,45739,47737,49735
Rohtak,178140,200409,213271,232723,232957,253407,265930,305922,345915,368635,407932,431854,457801,485421,520950
Rohtas,148602,171135,171135,193668,216201,238734,261267,283800,306333,328866,351399,373932,396465,418998,441531
Roopnagar/ropar,318472,317594,319350,320228,321106,321984,322862,323740,324618,325496,326374,327252,328130,329008,329886
Rudraprayag,23359,25868,25868,28377,30886,33395,35904,38413,40922,43431,45940,48449,50958,53467,55976
S. Madhopur,147747,137915,157579,167411,177243,187075,196907,206739,216571,226403,236235,246067,255899,265731,275563
S.P.S. Nellore,282390,377930,473470,569010,664550,760090,855630,951170,1046710,1142250,1172880,1298220,1400360,1492100,1576820
Sabarkantha,445860,483000,520140,557280,594420,631560,668700,705840,742980,780120,885200,951390,1044140,1109940,1231520
Sagar,217945,224893,222404,210699,235744,242731,257148,304317,351486,390778,425409,452104,501577,539935,583833
Saharanpur,440300,464064,433260,467819,516147,529343,558598,620871,683145,767621,783209,822985,909657,959157,1002959
Saharsa,82797,102320,90459,98450,97152,106362,115320,124279,133238,153244,156794,188446,204489,234677,252208
SAHEBGANJ,138108,111189,165027,191946,218865,245784,272703,299622,326541,353460,380379,407298,434217,461136,488055
Saiha,10332,11144,11144,11956,12768,13580,14392,15204,16016,16828,17640,18452,19264,20076,20888
Salem,680353,680668,658638,689629,724359,806270,881223,939803,998383,1029461,1170768,1296575,1364005,1399192,1460446
Sambalpur,150560,138954,149124,141790,160664,178849,225855,272862,319869,339803,364553,395229,402233,424811,436192
Samstipur,166673,225496,225496,284319,343142,401965,460788,519611,578434,637257,696080,754903,813726,872549,931372
Sangli,591565,602952,603898,618588,614536,670122,762483,777597,792711,763006,853411,912918,923909,960985,1027617
Sangrur,580001,602413,606897,651020,666235,703712,723769,615611,507453,530926,516033,551144,590450,617945,635385
Sant kabeer nagar,92060,89329,94791,97522,100253,102984,105715,108446,111177,113908,116639,119370,122101,124832,127563
Sant ravidas nagar,168779,120250,217308,265837,314366,362895,411424,459953,508482,557011,605540,654069,702598,751127,799656
Santhal Paragana / Dumka,187510,178920,170330,161740,153150,144560,135970,127380,118790,110200,120310,137360,151090,165430,184290
Saran,145546,164646,156833,176423,171605,183090,206771,230453,254135,280392,302324,347477,384529,436749,468634
Satara,622376,616462,630705,655598,698342,735492,862988,846578,830168,805924,889080,954517,990227,1025006,1095156
Satna,216022,210926,224249,218422,231682,242563,256424,313127,369831,411911,444871,470128,495492,537020,576366
Sehore,124123,106155,122654,118130,137263,131476,142945,173489,204033,225567,253417,252218,277264,309561,352970
Sekhpura,24852,26224,26224,27596,28968,30340,31712,33084,34456,35828,37200,38572,39944,41316,42688
Senapati,26463,25654,27272,28081,28890,29699,30508,31317,32126,32935,33744,34553,35362,36171,36980
Seoni,116376,103025,129727,143078,156429,169780,183131,196482,209833,223184,236535,249886,263237,276588,289939
Seoni / Shivani,24700,43780,62860,81940,101020,120100,139180,158260,177340,196420,208700,232940,254140,280070,309520
Serchhip,9332,9761,9761,10190,10619,11048,11477,11906,12335,12764,13193,13622,14051,14480,14909
Shahdol,211640,202857,216668,212540,224259,234524,255487,192194,128902,133730,142763,152013,159214,173906,182388
Shahjahanpur,279060,258608,280191,263707,290423,283235,309539,371373,433208,471269,501516,559548,589865,599904,623501
Shajapur,163565,128160,133592,126281,154790,158752,165020,215050,265080,295495,335502,351029,389552,444303,522134
Sheohar,16839,22668,22668,28497,34326,40155,45984,51813,57642,63471,69300,75129,80958,86787,92616
Sheopur,52866,49550,56182,59498,62814,66130,69446,72762,76078,79394,82710,86026,89342,92658,95974
Shimla,185285,214569,207592,228474,263634,275364,289780,282798,275817,286825,310732,325105,341765,355599,370820
Shimoga,308460,323717,323717,338974,354231,369488,384745,400002,415259,430516,445773,461030,476287,491544,506801
Shimoge,468090,475590,483090,490590,498090,505590,513090,520590,528090,535590,571590,643190,645520,663440,680740
Shivpuri,139681,131636,142263,111277,146518,147393,159663,190851,222040,243268,265264,271973,296509,326228,363405
Shravasti,66408,75378,75378,84348,93318,102288,111258,120228,129198,138168,147138,156108,165078,174048,183018
Sibsagar,756050,735180,714310,693440,672570,651700,630830,609960,589090,568220,544890,590290,617660,649490,681870
Sidharth nagar,130193,128353,132033,133873,135713,137553,139393,141233,143073,144913,146753,148593,150433,152273,154113
Sidhi,324475,309365,327848,332268,356634,375604,403653,258112,112571,125460,134254,143515,150366,163730,173526
Sikar,264543,264938,288310,268988,333260,347352,372104,381973,391842,414820,428506,484194,506958,525130,546340
Sindhudurg,175636,190236,190236,204836,219436,234036,248636,263236,277836,292436,307036,321636,336236,350836,365436
Singhbhum,1608760,1501120,1393480,1285840,1178200,1070560,962920,855280,747640,640000,704580,793270,820220,855260,898040
Sirmaur,109720,113410,113410,117100,120790,124480,128170,131860,135550,139240,142930,146620,150310,154000,157690
Sirohi,147522,135499,186167,142708,171720,167691,190002,239816,289631,302906,310595,325577,326853,332377,338703
Sirsa,255544,273464,273464,291384,309304,327224,345144,363064,380984,398904,416824,434744,452664,470584,488504
Sitamarhi,111878,122452,122452,133026,143600,154174,164748,175322,185896,196470,207044,217618,228192,238766,249340
Sitapur,290355,365260,346520,341350,374810,365411,376247,376316,376385,414176,426476,443203,471308,495916,514486
Sivagangai,187215,197865,197865,208515,219165,229815,240465,251115,261765,272415,283065,293715,304365,315015,325665
Siwan,122712,125794,125794,128876,131958,135040,138122,141204,144286,147368,150450,153532,156614,159696,162778
Solan,205652,223828,235429,247969,265442,290336,313295,310088,306881,338855,391455,426503,440761,464448,488920
Solapur,706447,724152,761371,767512,813002,893911,1085554,1076588,1067623,1090447,1238396,1319756,1396217,1490237,1618801
Sonapur,49420,48027,50813,52206,53599,54992,56385,57778,59171,60564,61957,63350,64743,66136,67529
Sonbhadra,376649,328283,425015,473381,521747,570113,618479,666845,715211,763577,811943,860309,908675,957041,1005407
Sonipat,259476,272568,272568,285660,298752,311844,324936,338028,351120,364212,377304,390396,403488,416580,429672
SOUTH,20705,25283,25283,29861,34439,39017,43595,48173,52751,57329,61907,66485,71063,75641,80219
South Garo Hills,20873,23007,23007,25141,27275,29409,31543,33677,35811,37945,40079,42213,44347,46481,48615
Srikakulam,288130,327196,333608,341017,380179,416816,425566,474416,523266,558555,613199,712092,762298,817966,868048
Sultanpur,245790,257286,262882,254709,279268,288894,311679,334481,357283,388711,449773,500583,534113,565303,591107
Sundargarh,312319,291874,255461,294841,334425,383639,494403,605167,715932,779326,802658,844885,871677,936129,989436
Supaul,79283,82990,82990,86697,90404,94111,97818,101525,105232,108939,112646,116353,120060,123767,127474
Surat,669990,946560,1223130,1499700,1776270,2052840,2329410,2605980,2882550,3159120,3679920,4052050,4463980,4940050,5541310
Surendranagar,562820,582550,602280,622010,641740,661470,681200,700930,720660,740390,746080,786610,854400,907200,997050
Surguja,183201,181311,195047,202575,224149,230114,179000,215081,251163,259610,261704,312282,316772,337527,358346
Swami Madhopur,75150,94250,113350,132450,151550,170650,189750,208850,227950,247050,232940,268330,289270,309000,328660
Tamenglong,14668,11738,17598,20528,23458,26388,29318,32248,35178,38108,41038,43968,46898,49828,52758
Tawang,8230,8838,8838,9446,10054,10662,11270,11878,12486,13094,13702,14310,14918,15526,16134
Tehri Garhwal,69592,78011,85660,95668,101973,129189,138726,112899,87072,95826,111168,125103,134681,147432,162316
Thane,2875560,2932700,2963526,3234547,3501101,3858972,4191555,4058780,3926006,4214570,4794924,5357037,5725841,6344675,7039159
Thanjavur,390785,420912,405144,420733,438780,471712,509697,530337,550978,557390,613351,672345,708398,717470,745860
The Nilgris,151662,161615,161615,171568,181521,191474,201427,211380,221333,231286,241239,251192,261145,271098,281051
Theni,204783,208095,208095,211407,214719,218031,221343,224655,227967,231279,234591,237903,241215,244527,247839
Thiruchirappalli,528693,568242,568242,607791,647340,686889,726438,765987,805536,845085,884634,924183,963732,1003281,1042830
Thirunelveli,569177,595943,599378,639260,641958,725568,771903,794983,818063,842663,933919,1035232,1100616,1111583,1159435
Thiruvallur,657775,741131,741131,824487,907843,991199,1074555,1157911,1241267,1324623,1407979,1491335,1574691,1658047,1741403
Thiruvananthapuram,1177420,1283460,1389500,1495540,1601580,1707620,1813660,1919700,2025740,2131780,2260400,2421290,2682210,2880770,3107240
Thiruvannamalai,297806,313471,313471,329136,344801,360466,376131,391796,407461,423126,438791,454456,470121,485786,501451
Thiruvarur,188135,208830,208830,229525,250220,270915,291610,312305,333000,353695,374390,395085,415780,436475,457170
Thoothukodi,400846,431618,431618,462390,493162,523934,554706,585478,616250,647022,677794,708566,739338,770110,800882
Thoubal,43316,42505,44127,44938,45749,46560,47371,48182,48993,49804,50615,51426,52237,53048,53859
Thrissur,666493,671613,725198,771487,831839,903815,989395,999212,1009029,1057573,1143992,1228751,1304337,1419655,1566262
Tikamgarh,116093,111191,119760,108312,124775,121170,125715,135677,145640,156553,164975,178733,196400,213982,235807
Tirap,12781,13936,13936,15091,16246,17401,18556,19711,20866,22021,23176,24331,25486,26641,27796
Tonk,183124,150636,165607,144180,191359,202982,210495,232209,253924,273555,313593,450561,482046,507163,536700
Trvandrum,734430,743241,743241,752052,760863,769674,778485,787296,796107,804918,813729,822540,831351,840162,848973
Tumkur,358897,426565,376737,388337,382669,404545,432528,483131,533734,535828,566790,633673,616968,610686,621448
Udaipur,398674,413381,450262,425156,460431,506207,513709,559683,605657,650880,708601,886237,954559,997364,1036364
Udham Singh Nagar,193826,215753,215753,237680,259607,281534,303461,325388,347315,369242,391169,413096,435023,456950,478877
Udupi,224465,264189,264189,303913,343637,383361,423085,462809,502533,542257,581981,621705,661429,701153,740877
Ujjain,325093,265458,275985,269421,314752,323745,334416,407363,480311,535691,595710,603140,649342,722305,819608
Ukhrul,18060,17548,18572,19084,19596,20108,20620,21132,21644,22156,22668,23180,23692,24204,24716
Umaria,48722,47609,49835,50948,52061,53174,54287,55400,56513,57626,58739,59852,60965,62078,63191
Una,101629,102689,102689,103749,104809,105869,106929,107989,109049,110109,111169,112229,113289,114349,115409
Unnao,216672,216785,238952,312187,274774,294160,309189,292172,275156,300752,304376,359789,387587,410222,429867
Upper Siang,5091,5493,5493,5895,6297,6699,7101,7503,7905,8307,8709,9111,9513,9915,10317
Upper Subansiri,6545,7041,7041,7537,8033,8529,9025,9521,10017,10513,11009,11505,12001,12497,12993
Uttar Dinajpur,277515,293366,293366,309217,325068,340919,356770,372621,388472,404323,420174,436025,451876,467727,483578
Uttara Kannada,245471,238440,253372,233609,255913,258839,278535,356089,433644,443203,451833,515060,519593,519849,534786
Uttarkashi,34505,36923,36923,39341,41759,44177,46595,49013,51431,53849,56267,58685,61103,63521,65939
Vadodara / Baroda,1188700,1379470,1570240,1761010,1951780,2142550,2333320,2524090,2714860,2905630,3270180,3474620,3700640,4001140,4381720
Vaishali,138259,146551,146551,154843,163135,171427,179719,188011,196303,204595,212887,221179,229471,237763,246055
Valsad,427080,476000,524920,573840,622760,671680,720600,769520,818440,867360,966890,1035510,1063510,1141000,1243900
Varanasi,275330,318734,304334,324938,354953,371237,391669,524317,656965,710172,774911,832093,883727,942755,1004134
Vellore,717518,745188,745188,772858,800528,828198,855868,883538,911208,938878,966548,994218,1021888,1049558,1077228
Vidisha,147609,138178,146114,134827,148982,157594,165024,176433,187843,206988,226901,236220,258100,280374,305110
Villupuram,392093,395302,395302,398511,401720,404929,408138,411347,414556,417765,420974,424183,427392,430601,433810
Virudhunagar,515511,595664,595664,675817,755970,836123,916276,996429,1076582,1156735,1236888,1317041,1397194,1477347,1557500
Visakapatnam,791736,934990,934990,1078244,1221498,1364752,1508006,1651260,1794514,1937768,2081022,2224276,2367530,2510784,2654038
Vizianagaram,263685,273593,273593,283501,293409,303317,313225,323133,333041,342949,352857,362765,372673,382581,392489
W. SINGHBHUM,283192,249518,316866,350540,384214,417888,451562,485236,518910,552584,586258,619932,653606,687280,720954
W.Champaran,165779,203819,203819,241859,279899,317939,355979,394019,432059,470099,508139,546179,584219,622259,660299
Warangal,423743,498586,494811,475717,555004,543735,659331,777458,895585,959941,969020,1100710,1181229,1255015,1332627
Wardha,242695,232470,248457,265190,288127,281360,322423,342615,340295,321681,341468,357331,357417,375057,399675
Washim,115433,114685,116181,116929,117677,118425,119173,119921,120669,121417,122165,122913,123661,124409,125157
WEST,16898,17690,17690,18482,19274,20066,20858,21650,22442,23234,24026,24818,25610,26402,27194
West Dinajpur,379550,381200,382850,384500,386150,387800,389450,391100,392750,394400,398170,405530,423930,444460,473210
West Garo Hills,65301,66999,66999,68697,70395,72093,73791,75489,77187,78885,80583,82281,83979,85677,87375
West Godavari,812040,877040,942040,1007040,1072040,1137040,1202040,1267040,1332040,1397040,1519860,1696500,1787250,1852960,1921910
West Kameng,15066,16239,16239,17412,18585,19758,20931,22104,23277,24450,25623,26796,27969,29142,30315
West Khasi Hills,27757,30192,30192,32627,35062,37497,39932,42367,44802,47237,49672,52107,54542,56977,59412
West Nimar,147387,134362,160412,173437,186462,199487,212512,225537,238562,251587,264612,277637,290662,303687,316712
West Siang,13965,15044,15044,16123,17202,18281,19360,20439,21518,22597,23676,24755,25834,26913,27992
Westgodavari,739800,767940,767940,796080,824220,852360,880500,908640,936780,964920,993060,1021200,1049340,1077480,1105620
wyanad,168349,184389,184389,200429,216469,232509,248549,264589,280629,296669,312709,328749,344789,360829,376869
Yamuna Nagar,235980,240413,240413,244846,249279,253712,258145,262578,267011,271444,275877,280310,284743,289176,293609